ONSConstID,ConstituencyName,RegionID,RegionName,CountryID,CountryName,DateThisUpdate,DateOfDataset,ChildPovertyConstNumber,ChildPovertyConstRate,ChildPovertyConstRank,ChildPovertyRegionRate,ChildPovertyCountryRate
E14000554,Berwick-upon-Tweed,E15000001,North East,K02000001,UK,05/10/2016,31/08/2014,2075,0.155,422,0.243,0.2
E14000569,Bishop Auckland,E15000001,North East,K02000001,UK,05/10/2016,31/08/2014,4315,0.242,168,0.243,0.2
E14000574,Blaydon,E15000001,North East,K02000001,UK,05/10/2016,31/08/2014,3010,0.176,357,0.243,0.2
E14000575,Blyth Valley,E15000001,North East,K02000001,UK,05/10/2016,31/08/2014,3800,0.22,219,0.243,0.2
E14000641,City of Durham,E15000001,North East,K02000001,UK,05/10/2016,31/08/2014,3020,0.191,308,0.243,0.2
E14000658,Darlington,E15000001,North East,K02000001,UK,05/10/2016,31/08/2014,4700,0.232,193,0.243,0.2
E14000677,Easington,E15000001,North East,K02000001,UK,05/10/2016,31/08/2014,5180,0.285,88,0.243,0.2
E14000709,Gateshead,E15000001,North East,K02000001,UK,05/10/2016,31/08/2014,5160,0.268,110,0.243,0.2
E14000733,Hartlepool,E15000001,North East,K02000001,UK,05/10/2016,31/08/2014,6295,0.301,61,0.243,0.2
E14000746,Hexham,E15000001,North East,K02000001,UK,05/10/2016,31/08/2014,1375,0.099,584,0.243,0.2
E14000754,Houghton and Sunderland South,E15000001,North East,K02000001,UK,05/10/2016,31/08/2014,4395,0.238,177,0.243,0.2
E14000765,Jarrow,E15000001,North East,K02000001,UK,05/10/2016,31/08/2014,3960,0.232,193,0.243,0.2
E14000819,Middlesbrough,E15000001,North East,K02000001,UK,05/10/2016,31/08/2014,8790,0.375,10,0.243,0.2
E14000820,Middlesbrough South and East Cleveland,E15000001,North East,K02000001,UK,05/10/2016,31/08/2014,4890,0.242,168,0.243,0.2
E14000831,Newcastle upon Tyne Central,E15000001,North East,K02000001,UK,05/10/2016,31/08/2014,7440,0.347,24,0.243,0.2
E14000832,Newcastle upon Tyne East,E15000001,North East,K02000001,UK,05/10/2016,31/08/2014,4310,0.302,59,0.243,0.2
E14000833,Newcastle upon Tyne North,E15000001,North East,K02000001,UK,05/10/2016,31/08/2014,4105,0.218,228,0.243,0.2
E14000840,North Durham,E15000001,North East,K02000001,UK,05/10/2016,31/08/2014,3990,0.222,214,0.243,0.2
E14000853,North Tyneside,E15000001,North East,K02000001,UK,05/10/2016,31/08/2014,4665,0.221,217,0.243,0.2
E14000856,North West Durham,E15000001,North East,K02000001,UK,05/10/2016,31/08/2014,3910,0.209,249,0.243,0.2
E14000891,Redcar,E15000001,North East,K02000001,UK,05/10/2016,31/08/2014,5130,0.272,103,0.243,0.2
E14000915,Sedgefield,E15000001,North East,K02000001,UK,05/10/2016,31/08/2014,3985,0.224,209,0.243,0.2
E14000944,South Shields,E15000001,North East,K02000001,UK,05/10/2016,31/08/2014,4905,0.298,68,0.243,0.2
E14000970,Stockton North,E15000001,North East,K02000001,UK,05/10/2016,31/08/2014,6010,0.292,76,0.243,0.2
E14000971,Stockton South,E15000001,North East,K02000001,UK,05/10/2016,31/08/2014,3825,0.171,372,0.243,0.2
E14000982,Sunderland Central,E15000001,North East,K02000001,UK,05/10/2016,31/08/2014,5020,0.261,125,0.243,0.2
E14001006,Tynemouth,E15000001,North East,K02000001,UK,05/10/2016,31/08/2014,3265,0.16,411,0.243,0.2
E14001014,Wansbeck,E15000001,North East,K02000001,UK,05/10/2016,31/08/2014,4060,0.24,173,0.243,0.2
E14001020,Washington and Sunderland West,E15000001,North East,K02000001,UK,05/10/2016,31/08/2014,5125,0.261,125,0.243,0.2
E14000532,Altrincham and Sale West,E15000002,North West,K02000001,UK,05/10/2016,31/08/2014,1925,0.09,607,0.226,0.2
E14000537,Ashton-under-Lyne,E15000002,North West,K02000001,UK,05/10/2016,31/08/2014,5505,0.25,144,0.226,0.2
E14000543,Barrow and Furness,E15000002,North West,K02000001,UK,05/10/2016,31/08/2014,3325,0.189,314,0.226,0.2
E14000559,Birkenhead,E15000002,North West,K02000001,UK,05/10/2016,31/08/2014,7020,0.332,33,0.226,0.2
E14000570,Blackburn,E15000002,North West,K02000001,UK,05/10/2016,31/08/2014,9635,0.304,58,0.226,0.2
E14000571,Blackley and Broughton,E15000002,North West,K02000001,UK,05/10/2016,31/08/2014,12265,0.359,21,0.226,0.2
E14000572,Blackpool North and Cleveleys,E15000002,North West,K02000001,UK,05/10/2016,31/08/2014,4405,0.262,123,0.226,0.2
E14000573,Blackpool South,E15000002,North West,K02000001,UK,05/10/2016,31/08/2014,6000,0.332,33,0.226,0.2
E14000578,Bolton North East,E15000002,North West,K02000001,UK,05/10/2016,31/08/2014,6305,0.27,107,0.226,0.2
E14000579,Bolton South East,E15000002,North West,K02000001,UK,05/10/2016,31/08/2014,8465,0.302,59,0.226,0.2
E14000580,Bolton West,E15000002,North West,K02000001,UK,05/10/2016,31/08/2014,3635,0.177,352,0.226,0.2
E14000581,Bootle,E15000002,North West,K02000001,UK,05/10/2016,31/08/2014,6760,0.3,66,0.226,0.2
E14000609,Burnley,E15000002,North West,K02000001,UK,05/10/2016,31/08/2014,5825,0.277,98,0.226,0.2
E14000611,Bury North,E15000002,North West,K02000001,UK,05/10/2016,31/08/2014,3905,0.191,308,0.226,0.2
E14000612,Bury South,E15000002,North West,K02000001,UK,05/10/2016,31/08/2014,4345,0.182,337,0.226,0.2
E14000620,Carlisle,E15000002,North West,K02000001,UK,05/10/2016,31/08/2014,2980,0.171,372,0.226,0.2
E14000627,Cheadle,E15000002,North West,K02000001,UK,05/10/2016,31/08/2014,1655,0.088,612,0.226,0.2
E14000637,Chorley,E15000002,North West,K02000001,UK,05/10/2016,31/08/2014,2905,0.141,461,0.226,0.2
E14000640,City of Chester,E15000002,North West,K02000001,UK,05/10/2016,31/08/2014,2775,0.155,422,0.226,0.2
E14000646,Congleton,E15000002,North West,K02000001,UK,05/10/2016,31/08/2014,2010,0.111,555,0.226,0.2
E14000647,Copeland,E15000002,North West,K02000001,UK,05/10/2016,31/08/2014,2575,0.173,367,0.226,0.2
E14000653,Crewe and Nantwich,E15000002,North West,K02000001,UK,05/10/2016,31/08/2014,3975,0.168,386,0.226,0.2
E14000661,Denton and Reddish,E15000002,North West,K02000001,UK,05/10/2016,31/08/2014,3845,0.2,276,0.226,0.2
E14000686,Eddisbury,E15000002,North West,K02000001,UK,05/10/2016,31/08/2014,2855,0.158,415,0.226,0.2
E14000688,Ellesmere Port and Neston,E15000002,North West,K02000001,UK,05/10/2016,31/08/2014,3175,0.17,378,0.226,0.2
E14000706,Fylde,E15000002,North West,K02000001,UK,05/10/2016,31/08/2014,1910,0.13,497,0.226,0.2
E14000708,Garston and Halewood,E15000002,North West,K02000001,UK,05/10/2016,31/08/2014,5400,0.255,136,0.226,0.2
E14000725,Halton,E15000002,North West,K02000001,UK,05/10/2016,31/08/2014,5295,0.244,160,0.226,0.2
E14000738,Hazel Grove,E15000002,North West,K02000001,UK,05/10/2016,31/08/2014,2195,0.138,472,0.226,0.2
E14000747,Heywood and Middleton,E15000002,North West,K02000001,UK,05/10/2016,31/08/2014,5490,0.23,198,0.226,0.2
E14000758,Hyndburn,E15000002,North West,K02000001,UK,05/10/2016,31/08/2014,5575,0.245,157,0.226,0.2
E14000775,Knowsley,E15000002,North West,K02000001,UK,05/10/2016,31/08/2014,8290,0.328,36,0.226,0.2
E14000776,Lancaster and Fleetwood,E15000002,North West,K02000001,UK,05/10/2016,31/08/2014,2995,0.198,279,0.226,0.2
E14000785,Leigh,E15000002,North West,K02000001,UK,05/10/2016,31/08/2014,4330,0.194,297,0.226,0.2
E14000793,"Liverpool, Riverside",E15000002,North West,K02000001,UK,05/10/2016,31/08/2014,6040,0.373,11,0.226,0.2
E14000794,"Liverpool, Walton",E15000002,North West,K02000001,UK,05/10/2016,31/08/2014,7855,0.372,12,0.226,0.2
E14000795,"Liverpool, Wavertree",E15000002,North West,K02000001,UK,05/10/2016,31/08/2014,5340,0.286,85,0.226,0.2
E14000796,"Liverpool, West Derby",E15000002,North West,K02000001,UK,05/10/2016,31/08/2014,6665,0.306,56,0.226,0.2
E14000802,Macclesfield,E15000002,North West,K02000001,UK,05/10/2016,31/08/2014,1835,0.102,579,0.226,0.2
E14000805,Makerfield,E15000002,North West,K02000001,UK,05/10/2016,31/08/2014,3460,0.165,394,0.226,0.2
E14000807,Manchester Central,E15000002,North West,K02000001,UK,05/10/2016,31/08/2014,11640,0.428,3,0.226,0.2
E14000808,"Manchester, Gorton",E15000002,North West,K02000001,UK,05/10/2016,31/08/2014,9910,0.361,16,0.226,0.2
E14000809,"Manchester, Withington",E15000002,North West,K02000001,UK,05/10/2016,31/08/2014,4480,0.25,144,0.226,0.2
E14000825,Morecambe and Lunesdale,E15000002,North West,K02000001,UK,05/10/2016,31/08/2014,3995,0.207,254,0.226,0.2
E14000870,Oldham East and Saddleworth,E15000002,North West,K02000001,UK,05/10/2016,31/08/2014,7285,0.275,101,0.226,0.2
E14000871,Oldham West and Royton,E15000002,North West,K02000001,UK,05/10/2016,31/08/2014,9500,0.327,38,0.226,0.2
E14000875,Pendle,E15000002,North West,K02000001,UK,05/10/2016,31/08/2014,5090,0.23,198,0.226,0.2
E14000877,Penrith and The Border,E15000002,North West,K02000001,UK,05/10/2016,31/08/2014,1590,0.104,574,0.226,0.2
E14000885,Preston,E15000002,North West,K02000001,UK,05/10/2016,31/08/2014,6560,0.293,75,0.226,0.2
E14000894,Ribble Valley,E15000002,North West,K02000001,UK,05/10/2016,31/08/2014,1600,0.084,620,0.226,0.2
E14000897,Rochdale,E15000002,North West,K02000001,UK,05/10/2016,31/08/2014,8865,0.305,57,0.226,0.2
E14000902,Rossendale and Darwen,E15000002,North West,K02000001,UK,05/10/2016,31/08/2014,4160,0.193,301,0.226,0.2
E14000911,Salford and Eccles,E15000002,North West,K02000001,UK,05/10/2016,31/08/2014,5930,0.278,97,0.226,0.2
E14000916,Sefton Central,E15000002,North West,K02000001,UK,05/10/2016,31/08/2014,1510,0.102,579,0.226,0.2
E14000943,South Ribble,E15000002,North West,K02000001,UK,05/10/2016,31/08/2014,2425,0.122,523,0.226,0.2
E14000958,Southport,E15000002,North West,K02000001,UK,05/10/2016,31/08/2014,2820,0.162,406,0.226,0.2
E14000962,St Helens North,E15000002,North West,K02000001,UK,05/10/2016,31/08/2014,5045,0.241,171,0.226,0.2
E14000963,St Helens South and Whiston,E15000002,North West,K02000001,UK,05/10/2016,31/08/2014,5580,0.249,148,0.226,0.2
E14000967,Stalybridge and Hyde,E15000002,North West,K02000001,UK,05/10/2016,31/08/2014,5005,0.231,195,0.226,0.2
E14000969,Stockport,E15000002,North West,K02000001,UK,05/10/2016,31/08/2014,4570,0.227,202,0.226,0.2
E14000979,Stretford and Urmston,E15000002,North West,K02000001,UK,05/10/2016,31/08/2014,5070,0.216,231,0.226,0.2
E14000987,Tatton,E15000002,North West,K02000001,UK,05/10/2016,31/08/2014,1620,0.095,598,0.226,0.2
E14001010,Wallasey,E15000002,North West,K02000001,UK,05/10/2016,31/08/2014,5475,0.271,105,0.226,0.2
E14001017,Warrington North,E15000002,North West,K02000001,UK,05/10/2016,31/08/2014,3690,0.179,345,0.226,0.2
E14001018,Warrington South,E15000002,North West,K02000001,UK,05/10/2016,31/08/2014,2775,0.114,548,0.226,0.2
E14001024,Weaver Vale,E15000002,North West,K02000001,UK,05/10/2016,31/08/2014,3685,0.187,325,0.226,0.2
E14001033,West Lancashire,E15000002,North West,K02000001,UK,05/10/2016,31/08/2014,3690,0.185,327,0.226,0.2
E14001037,Westmorland and Lonsdale,E15000002,North West,K02000001,UK,05/10/2016,31/08/2014,1140,0.082,629,0.226,0.2
E14001039,Wigan,E15000002,North West,K02000001,UK,05/10/2016,31/08/2014,4575,0.21,246,0.226,0.2
E14001043,Wirral South,E15000002,North West,K02000001,UK,05/10/2016,31/08/2014,1810,0.125,512,0.226,0.2
E14001044,Wirral West,E15000002,North West,K02000001,UK,05/10/2016,31/08/2014,1800,0.136,478,0.226,0.2
E14001053,Workington,E15000002,North West,K02000001,UK,05/10/2016,31/08/2014,2740,0.178,350,0.226,0.2
E14001054,Worsley and Eccles South,E15000002,North West,K02000001,UK,05/10/2016,31/08/2014,6135,0.253,141,0.226,0.2
E14001057,Wyre and Preston North,E15000002,North West,K02000001,UK,05/10/2016,31/08/2014,1330,0.081,632,0.226,0.2
E14001059,Wythenshawe and Sale East,E15000002,North West,K02000001,UK,05/10/2016,31/08/2014,6995,0.267,112,0.226,0.2
E14000541,Barnsley Central,E15000003,Yorkshire and The Humber,K02000001,UK,05/10/2016,31/08/2014,4410,0.238,177,0.222,0.2
E14000542,Barnsley East,E15000003,Yorkshire and The Humber,K02000001,UK,05/10/2016,31/08/2014,5270,0.258,130,0.222,0.2
E14000548,Batley and Spen,E15000003,Yorkshire and The Humber,K02000001,UK,05/10/2016,31/08/2014,5775,0.213,236,0.222,0.2
E14000556,Beverley and Holderness,E15000003,Yorkshire and The Humber,K02000001,UK,05/10/2016,31/08/2014,2640,0.141,461,0.222,0.2
E14000587,Bradford East,E15000003,Yorkshire and The Humber,K02000001,UK,05/10/2016,31/08/2014,12995,0.352,23,0.222,0.2
E14000588,Bradford South,E15000003,Yorkshire and The Humber,K02000001,UK,05/10/2016,31/08/2014,8510,0.301,61,0.222,0.2
E14000589,Bradford West,E15000003,Yorkshire and The Humber,K02000001,UK,05/10/2016,31/08/2014,12090,0.336,29,0.222,0.2
E14000596,Brigg and Goole,E15000003,Yorkshire and The Humber,K02000001,UK,05/10/2016,31/08/2014,2725,0.156,420,0.222,0.2
E14000614,Calder Valley,E15000003,Yorkshire and The Humber,K02000001,UK,05/10/2016,31/08/2014,3500,0.16,411,0.222,0.2
E14000643,Cleethorpes,E15000003,Yorkshire and The Humber,K02000001,UK,05/10/2016,31/08/2014,4195,0.223,212,0.222,0.2
E14000645,Colne Valley,E15000003,Yorkshire and The Humber,K02000001,UK,05/10/2016,31/08/2014,4115,0.17,378,0.222,0.2
E14000666,Dewsbury,E15000003,Yorkshire and The Humber,K02000001,UK,05/10/2016,31/08/2014,6020,0.219,225,0.222,0.2
E14000667,Don Valley,E15000003,Yorkshire and The Humber,K02000001,UK,05/10/2016,31/08/2014,4435,0.216,231,0.222,0.2
E14000668,Doncaster Central,E15000003,Yorkshire and The Humber,K02000001,UK,05/10/2016,31/08/2014,5715,0.243,164,0.222,0.2
E14000669,Doncaster North,E15000003,Yorkshire and The Humber,K02000001,UK,05/10/2016,31/08/2014,5885,0.26,128,0.222,0.2
E14000683,East Yorkshire,E15000003,Yorkshire and The Humber,K02000001,UK,05/10/2016,31/08/2014,3240,0.171,372,0.222,0.2
E14000689,Elmet and Rothwell,E15000003,Yorkshire and The Humber,K02000001,UK,05/10/2016,31/08/2014,2195,0.11,560,0.222,0.2
E14000716,Great Grimsby,E15000003,Yorkshire and The Humber,K02000001,UK,05/10/2016,31/08/2014,6550,0.313,50,0.222,0.2
E14000723,Halifax,E15000003,Yorkshire and The Humber,K02000001,UK,05/10/2016,31/08/2014,7110,0.274,102,0.222,0.2
E14000724,Haltemprice and Howden,E15000003,Yorkshire and The Humber,K02000001,UK,05/10/2016,31/08/2014,1325,0.081,632,0.222,0.2
E14000730,Harrogate and Knaresborough,E15000003,Yorkshire and The Humber,K02000001,UK,05/10/2016,31/08/2014,1680,0.085,619,0.222,0.2
E14000740,Hemsworth,E15000003,Yorkshire and The Humber,K02000001,UK,05/10/2016,31/08/2014,4560,0.221,217,0.222,0.2
E14000756,Huddersfield,E15000003,Yorkshire and The Humber,K02000001,UK,05/10/2016,31/08/2014,5660,0.263,121,0.222,0.2
E14000766,Keighley,E15000003,Yorkshire and The Humber,K02000001,UK,05/10/2016,31/08/2014,4875,0.212,239,0.222,0.2
E14000771,Kingston upon Hull East,E15000003,Yorkshire and The Humber,K02000001,UK,05/10/2016,31/08/2014,6315,0.292,76,0.222,0.2
E14000772,Kingston upon Hull North,E15000003,Yorkshire and The Humber,K02000001,UK,05/10/2016,31/08/2014,7050,0.321,44,0.222,0.2
E14000773,Kingston upon Hull West and Hessle,E15000003,Yorkshire and The Humber,K02000001,UK,05/10/2016,31/08/2014,5435,0.288,83,0.222,0.2
E14000777,Leeds Central,E15000003,Yorkshire and The Humber,K02000001,UK,05/10/2016,31/08/2014,11025,0.385,7,0.222,0.2
E14000778,Leeds East,E15000003,Yorkshire and The Humber,K02000001,UK,05/10/2016,31/08/2014,8455,0.319,46,0.222,0.2
E14000779,Leeds North East,E15000003,Yorkshire and The Humber,K02000001,UK,05/10/2016,31/08/2014,3575,0.172,369,0.222,0.2
E14000780,Leeds North West,E15000003,Yorkshire and The Humber,K02000001,UK,05/10/2016,31/08/2014,1675,0.131,493,0.222,0.2
E14000781,Leeds West,E15000003,Yorkshire and The Humber,K02000001,UK,05/10/2016,31/08/2014,6190,0.295,72,0.222,0.2
E14000826,Morley and Outwood,E15000003,Yorkshire and The Humber,K02000001,UK,05/10/2016,31/08/2014,2675,0.129,499,0.222,0.2
E14000836,"Normanton, Pontefract and Castleford",E15000003,Yorkshire and The Humber,K02000001,UK,05/10/2016,31/08/2014,5415,0.224,209,0.222,0.2
E14000876,Penistone and Stocksbridge,E15000003,Yorkshire and The Humber,K02000001,UK,05/10/2016,31/08/2014,2085,0.122,523,0.222,0.2
E14000886,Pudsey,E15000003,Yorkshire and The Humber,K02000001,UK,05/10/2016,31/08/2014,2070,0.106,567,0.222,0.2
E14000895,Richmond (Yorks),E15000003,Yorkshire and The Humber,K02000001,UK,05/10/2016,31/08/2014,2135,0.105,569,0.222,0.2
E14000903,Rother Valley,E15000003,Yorkshire and The Humber,K02000001,UK,05/10/2016,31/08/2014,3835,0.188,319,0.222,0.2
E14000904,Rotherham,E15000003,Yorkshire and The Humber,K02000001,UK,05/10/2016,31/08/2014,6890,0.311,51,0.222,0.2
E14000913,Scarborough and Whitby,E15000003,Yorkshire and The Humber,K02000001,UK,05/10/2016,31/08/2014,3735,0.203,264,0.222,0.2
E14000914,Scunthorpe,E15000003,Yorkshire and The Humber,K02000001,UK,05/10/2016,31/08/2014,4800,0.235,186,0.222,0.2
E14000917,Selby and Ainsty,E15000003,Yorkshire and The Humber,K02000001,UK,05/10/2016,31/08/2014,2185,0.109,562,0.222,0.2
E14000919,Sheffield Central,E15000003,Yorkshire and The Humber,K02000001,UK,05/10/2016,31/08/2014,4695,0.298,68,0.222,0.2
E14000920,Sheffield South East,E15000003,Yorkshire and The Humber,K02000001,UK,05/10/2016,31/08/2014,5115,0.238,177,0.222,0.2
E14000921,"Sheffield, Brightside and Hillsborough",E15000003,Yorkshire and The Humber,K02000001,UK,05/10/2016,31/08/2014,10655,0.353,22,0.222,0.2
E14000922,"Sheffield, Hallam",E15000003,Yorkshire and The Humber,K02000001,UK,05/10/2016,31/08/2014,955,0.059,649,0.222,0.2
E14000923,"Sheffield, Heeley",E15000003,Yorkshire and The Humber,K02000001,UK,05/10/2016,31/08/2014,5335,0.265,115,0.222,0.2
E14000925,Shipley,E15000003,Yorkshire and The Humber,K02000001,UK,05/10/2016,31/08/2014,2645,0.134,485,0.222,0.2
E14000928,Skipton and Ripon,E15000003,Yorkshire and The Humber,K02000001,UK,05/10/2016,31/08/2014,1560,0.084,620,0.222,0.2
E14000993,Thirsk and Malton,E15000003,Yorkshire and The Humber,K02000001,UK,05/10/2016,31/08/2014,2095,0.116,544,0.222,0.2
E14001009,Wakefield,E15000003,Yorkshire and The Humber,K02000001,UK,05/10/2016,31/08/2014,4330,0.203,264,0.222,0.2
E14001028,Wentworth and Dearne,E15000003,Yorkshire and The Humber,K02000001,UK,05/10/2016,31/08/2014,5300,0.244,160,0.222,0.2
E14001061,York Central,E15000003,Yorkshire and The Humber,K02000001,UK,05/10/2016,31/08/2014,2985,0.163,401,0.222,0.2
E14001062,York Outer,E15000003,Yorkshire and The Humber,K02000001,UK,05/10/2016,31/08/2014,1165,0.067,646,0.222,0.2
E14000533,Amber Valley,E15000004,East Midlands,K02000001,UK,05/10/2016,31/08/2014,3410,0.192,304,0.186,0.2
E14000535,Ashfield,E15000004,East Midlands,K02000001,UK,05/10/2016,31/08/2014,5350,0.242,168,0.186,0.2
E14000546,Bassetlaw,E15000004,East Midlands,K02000001,UK,05/10/2016,31/08/2014,3875,0.179,345,0.186,0.2
E14000577,Bolsover,E15000004,East Midlands,K02000001,UK,05/10/2016,31/08/2014,4205,0.213,236,0.186,0.2
E14000582,Boston and Skegness,E15000004,East Midlands,K02000001,UK,05/10/2016,31/08/2014,4625,0.206,258,0.186,0.2
E14000583,Bosworth,E15000004,East Midlands,K02000001,UK,05/10/2016,31/08/2014,2450,0.121,527,0.186,0.2
E14000607,Broxtowe,E15000004,East Midlands,K02000001,UK,05/10/2016,31/08/2014,2385,0.131,493,0.186,0.2
E14000625,Charnwood,E15000004,East Midlands,K02000001,UK,05/10/2016,31/08/2014,1965,0.101,581,0.186,0.2
E14000632,Chesterfield,E15000004,East Midlands,K02000001,UK,05/10/2016,31/08/2014,3820,0.205,260,0.186,0.2
E14000648,Corby,E15000004,East Midlands,K02000001,UK,05/10/2016,31/08/2014,4315,0.164,399,0.186,0.2
E14000660,Daventry,E15000004,East Midlands,K02000001,UK,05/10/2016,31/08/2014,2215,0.111,555,0.186,0.2
E14000662,Derby North,E15000004,East Midlands,K02000001,UK,05/10/2016,31/08/2014,4465,0.211,241,0.186,0.2
E14000663,Derby South,E15000004,East Midlands,K02000001,UK,05/10/2016,31/08/2014,9350,0.307,55,0.186,0.2
E14000664,Derbyshire Dales,E15000004,East Midlands,K02000001,UK,05/10/2016,31/08/2014,1385,0.098,587,0.186,0.2
E14000695,Erewash,E15000004,East Midlands,K02000001,UK,05/10/2016,31/08/2014,3860,0.195,295,0.186,0.2
E14000707,Gainsborough,E15000004,East Midlands,K02000001,UK,05/10/2016,31/08/2014,3560,0.19,310,0.186,0.2
E14000710,Gedling,E15000004,East Midlands,K02000001,UK,05/10/2016,31/08/2014,3190,0.165,394,0.186,0.2
E14000714,Grantham and Stamford,E15000004,East Midlands,K02000001,UK,05/10/2016,31/08/2014,3475,0.15,436,0.186,0.2
E14000728,Harborough,E15000004,East Midlands,K02000001,UK,05/10/2016,31/08/2014,2350,0.112,553,0.186,0.2
E14000748,High Peak,E15000004,East Midlands,K02000001,UK,05/10/2016,31/08/2014,2475,0.134,485,0.186,0.2
E14000769,Kettering,E15000004,East Midlands,K02000001,UK,05/10/2016,31/08/2014,3660,0.161,408,0.186,0.2
E14000782,Leicester East,E15000004,East Midlands,K02000001,UK,05/10/2016,31/08/2014,7585,0.257,131,0.186,0.2
E14000783,Leicester South,E15000004,East Midlands,K02000001,UK,05/10/2016,31/08/2014,8455,0.301,61,0.186,0.2
E14000784,Leicester West,E15000004,East Midlands,K02000001,UK,05/10/2016,31/08/2014,8840,0.322,41,0.186,0.2
E14000792,Lincoln,E15000004,East Midlands,K02000001,UK,05/10/2016,31/08/2014,4695,0.212,239,0.186,0.2
E14000797,Loughborough,E15000004,East Midlands,K02000001,UK,05/10/2016,31/08/2014,2990,0.159,414,0.186,0.2
E14000798,Louth and Horncastle,E15000004,East Midlands,K02000001,UK,05/10/2016,31/08/2014,3695,0.211,241,0.186,0.2
E14000810,Mansfield,E15000004,East Midlands,K02000001,UK,05/10/2016,31/08/2014,5120,0.227,202,0.186,0.2
E14000814,Mid Derbyshire,E15000004,East Midlands,K02000001,UK,05/10/2016,31/08/2014,1570,0.095,598,0.186,0.2
E14000829,Newark,E15000004,East Midlands,K02000001,UK,05/10/2016,31/08/2014,2710,0.135,481,0.186,0.2
E14000843,North East Derbyshire,E15000004,East Midlands,K02000001,UK,05/10/2016,31/08/2014,2750,0.161,408,0.186,0.2
E14000858,North West Leicestershire,E15000004,East Midlands,K02000001,UK,05/10/2016,31/08/2014,2805,0.14,464,0.186,0.2
E14000861,Northampton North,E15000004,East Midlands,K02000001,UK,05/10/2016,31/08/2014,4195,0.204,263,0.186,0.2
E14000862,Northampton South,E15000004,East Midlands,K02000001,UK,05/10/2016,31/08/2014,4885,0.208,252,0.186,0.2
E14000865,Nottingham East,E15000004,East Midlands,K02000001,UK,05/10/2016,31/08/2014,7040,0.342,27,0.186,0.2
E14000866,Nottingham North,E15000004,East Midlands,K02000001,UK,05/10/2016,31/08/2014,10380,0.38,8,0.186,0.2
E14000867,Nottingham South,E15000004,East Midlands,K02000001,UK,05/10/2016,31/08/2014,4695,0.263,121,0.186,0.2
E14000908,Rushcliffe,E15000004,East Midlands,K02000001,UK,05/10/2016,31/08/2014,1450,0.076,640,0.186,0.2
E14000909,Rutland and Melton,E15000004,East Midlands,K02000001,UK,05/10/2016,31/08/2014,1970,0.099,584,0.186,0.2
E14000924,Sherwood,E15000004,East Midlands,K02000001,UK,05/10/2016,31/08/2014,3835,0.189,314,0.186,0.2
E14000929,Sleaford and North Hykeham,E15000004,East Midlands,K02000001,UK,05/10/2016,31/08/2014,2730,0.118,535,0.186,0.2
E14000935,South Derbyshire,E15000004,East Midlands,K02000001,UK,05/10/2016,31/08/2014,2685,0.127,507,0.186,0.2
E14000939,South Holland and The Deepings,E15000004,East Midlands,K02000001,UK,05/10/2016,31/08/2014,3140,0.151,431,0.186,0.2
E14000940,South Leicestershire,E15000004,East Midlands,K02000001,UK,05/10/2016,31/08/2014,2120,0.098,587,0.186,0.2
E14000942,South Northamptonshire,E15000004,East Midlands,K02000001,UK,05/10/2016,31/08/2014,1910,0.074,643,0.186,0.2
E14001025,Wellingborough,E15000004,East Midlands,K02000001,UK,05/10/2016,31/08/2014,4520,0.175,361,0.186,0.2
E14000531,Aldridge-Brownhills,E15000005,West Midlands,K02000001,UK,05/10/2016,31/08/2014,2565,0.166,393,0.232,0.2
E14000560,"Birmingham, Edgbaston",E15000005,West Midlands,K02000001,UK,05/10/2016,31/08/2014,5715,0.29,80,0.232,0.2
E14000561,"Birmingham, Erdington",E15000005,West Midlands,K02000001,UK,05/10/2016,31/08/2014,8890,0.343,26,0.232,0.2
E14000562,"Birmingham, Hall Green",E15000005,West Midlands,K02000001,UK,05/10/2016,31/08/2014,12215,0.344,25,0.232,0.2
E14000563,"Birmingham, Hodge Hill",E15000005,West Midlands,K02000001,UK,05/10/2016,31/08/2014,18065,0.393,6,0.232,0.2
E14000564,"Birmingham, Ladywood",E15000005,West Midlands,K02000001,UK,05/10/2016,31/08/2014,15395,0.437,1,0.232,0.2
E14000565,"Birmingham, Northfield",E15000005,West Midlands,K02000001,UK,05/10/2016,31/08/2014,8645,0.336,29,0.232,0.2
E14000566,"Birmingham, Perry Barr",E15000005,West Midlands,K02000001,UK,05/10/2016,31/08/2014,9350,0.317,47,0.232,0.2
E14000567,"Birmingham, Selly Oak",E15000005,West Midlands,K02000001,UK,05/10/2016,31/08/2014,5985,0.28,94,0.232,0.2
E14000568,"Birmingham, Yardley",E15000005,West Midlands,K02000001,UK,05/10/2016,31/08/2014,10235,0.328,36,0.232,0.2
E14000605,Bromsgrove,E15000005,West Midlands,K02000001,UK,05/10/2016,31/08/2014,1985,0.105,569,0.232,0.2
E14000610,Burton,E15000005,West Midlands,K02000001,UK,05/10/2016,31/08/2014,4010,0.17,378,0.232,0.2
E14000618,Cannock Chase,E15000005,West Midlands,K02000001,UK,05/10/2016,31/08/2014,3705,0.179,345,0.232,0.2
E14000649,Coventry North East,E15000005,West Midlands,K02000001,UK,05/10/2016,31/08/2014,9145,0.29,80,0.232,0.2
E14000650,Coventry North West,E15000005,West Midlands,K02000001,UK,05/10/2016,31/08/2014,4635,0.201,272,0.232,0.2
E14000651,Coventry South,E15000005,West Midlands,K02000001,UK,05/10/2016,31/08/2014,5315,0.248,151,0.232,0.2
E14000671,Dudley North,E15000005,West Midlands,K02000001,UK,05/10/2016,31/08/2014,5225,0.272,103,0.232,0.2
E14000672,Dudley South,E15000005,West Midlands,K02000001,UK,05/10/2016,31/08/2014,4125,0.24,173,0.232,0.2
E14000722,Halesowen and Rowley Regis,E15000005,West Midlands,K02000001,UK,05/10/2016,31/08/2014,4520,0.231,195,0.232,0.2
E14000743,Hereford and South Herefordshire,E15000005,West Midlands,K02000001,UK,05/10/2016,31/08/2014,2945,0.149,439,0.232,0.2
E14000767,Kenilworth and Southam,E15000005,West Midlands,K02000001,UK,05/10/2016,31/08/2014,1240,0.078,637,0.232,0.2
E14000791,Lichfield,E15000005,West Midlands,K02000001,UK,05/10/2016,31/08/2014,2170,0.118,535,0.232,0.2
E14000799,Ludlow,E15000005,West Midlands,K02000001,UK,05/10/2016,31/08/2014,1815,0.125,512,0.232,0.2
E14000812,Meriden,E15000005,West Midlands,K02000001,UK,05/10/2016,31/08/2014,5080,0.203,264,0.232,0.2
E14000818,Mid Worcestershire,E15000005,West Midlands,K02000001,UK,05/10/2016,31/08/2014,2500,0.129,499,0.232,0.2
E14000834,Newcastle-under-Lyme,E15000005,West Midlands,K02000001,UK,05/10/2016,31/08/2014,2895,0.169,383,0.232,0.2
E14000847,North Herefordshire,E15000005,West Midlands,K02000001,UK,05/10/2016,31/08/2014,2135,0.134,485,0.232,0.2
E14000849,North Shropshire,E15000005,West Midlands,K02000001,UK,05/10/2016,31/08/2014,2925,0.143,460,0.232,0.2
E14000854,North Warwickshire,E15000005,West Midlands,K02000001,UK,05/10/2016,31/08/2014,3125,0.165,394,0.232,0.2
E14000868,Nuneaton,E15000005,West Midlands,K02000001,UK,05/10/2016,31/08/2014,4150,0.198,279,0.232,0.2
E14000892,Redditch,E15000005,West Midlands,K02000001,UK,05/10/2016,31/08/2014,3495,0.172,369,0.232,0.2
E14000905,Rugby,E15000005,West Midlands,K02000001,UK,05/10/2016,31/08/2014,2825,0.131,493,0.232,0.2
E14000926,Shrewsbury and Atcham,E15000005,West Midlands,K02000001,UK,05/10/2016,31/08/2014,2800,0.14,464,0.232,0.2
E14000931,Solihull,E15000005,West Midlands,K02000001,UK,05/10/2016,31/08/2014,2210,0.11,560,0.232,0.2
E14000945,South Staffordshire,E15000005,West Midlands,K02000001,UK,05/10/2016,31/08/2014,2200,0.13,497,0.232,0.2
E14000965,Stafford,E15000005,West Midlands,K02000001,UK,05/10/2016,31/08/2014,2415,0.133,491,0.232,0.2
E14000966,Staffordshire Moorlands,E15000005,West Midlands,K02000001,UK,05/10/2016,31/08/2014,1815,0.129,499,0.232,0.2
E14000972,Stoke-on-Trent Central,E15000005,West Midlands,K02000001,UK,05/10/2016,31/08/2014,5395,0.287,84,0.232,0.2
E14000973,Stoke-on-Trent North,E15000005,West Midlands,K02000001,UK,05/10/2016,31/08/2014,6565,0.279,95,0.232,0.2
E14000974,Stoke-on-Trent South,E15000005,West Midlands,K02000001,UK,05/10/2016,31/08/2014,5070,0.243,164,0.232,0.2
E14000975,Stone,E15000005,West Midlands,K02000001,UK,05/10/2016,31/08/2014,1360,0.09,607,0.232,0.2
E14000976,Stourbridge,E15000005,West Midlands,K02000001,UK,05/10/2016,31/08/2014,3465,0.184,329,0.232,0.2
E14000977,Stratford-on-Avon,E15000005,West Midlands,K02000001,UK,05/10/2016,31/08/2014,1630,0.098,587,0.232,0.2
E14000985,Sutton Coldfield,E15000005,West Midlands,K02000001,UK,05/10/2016,31/08/2014,1575,0.084,620,0.232,0.2
E14000986,Tamworth,E15000005,West Midlands,K02000001,UK,05/10/2016,31/08/2014,3505,0.168,386,0.232,0.2
E14000989,Telford,E15000005,West Midlands,K02000001,UK,05/10/2016,31/08/2014,6150,0.27,107,0.232,0.2
E14000992,The Wrekin,E15000005,West Midlands,K02000001,UK,05/10/2016,31/08/2014,3155,0.163,401,0.232,0.2
E14001011,Walsall North,E15000005,West Midlands,K02000001,UK,05/10/2016,31/08/2014,8255,0.341,28,0.232,0.2
E14001012,Walsall South,E15000005,West Midlands,K02000001,UK,05/10/2016,31/08/2014,8555,0.324,39,0.232,0.2
E14001016,Warley,E15000005,West Midlands,K02000001,UK,05/10/2016,31/08/2014,7920,0.309,52,0.232,0.2
E14001019,Warwick and Leamington,E15000005,West Midlands,K02000001,UK,05/10/2016,31/08/2014,2285,0.119,532,0.232,0.2
E14001029,West Bromwich East,E15000005,West Midlands,K02000001,UK,05/10/2016,31/08/2014,6320,0.285,88,0.232,0.2
E14001030,West Bromwich West,E15000005,West Midlands,K02000001,UK,05/10/2016,31/08/2014,7115,0.297,71,0.232,0.2
E14001035,West Worcestershire,E15000005,West Midlands,K02000001,UK,05/10/2016,31/08/2014,2340,0.14,464,0.232,0.2
E14001049,Wolverhampton North East,E15000005,West Midlands,K02000001,UK,05/10/2016,31/08/2014,7095,0.321,44,0.232,0.2
E14001050,Wolverhampton South East,E15000005,West Midlands,K02000001,UK,05/10/2016,31/08/2014,7495,0.332,33,0.232,0.2
E14001051,Wolverhampton South West,E15000005,West Midlands,K02000001,UK,05/10/2016,31/08/2014,4085,0.23,198,0.232,0.2
E14001052,Worcester,E15000005,West Midlands,K02000001,UK,05/10/2016,31/08/2014,3895,0.177,352,0.232,0.2
E14001058,Wyre Forest,E15000005,West Midlands,K02000001,UK,05/10/2016,31/08/2014,3850,0.195,295,0.232,0.2
E14000544,Basildon and Billericay,E15000006,East of England,K02000001,UK,05/10/2016,31/08/2014,4570,0.206,258,0.161,0.2
E14000552,Bedford,E15000006,East of England,K02000001,UK,05/10/2016,31/08/2014,5400,0.218,228,0.161,0.2
E14000590,Braintree,E15000006,East of England,K02000001,UK,05/10/2016,31/08/2014,2925,0.135,481,0.161,0.2
E14000594,Brentwood and Ongar,E15000006,East of England,K02000001,UK,05/10/2016,31/08/2014,2225,0.117,540,0.161,0.2
E14000603,Broadland,E15000006,East of England,K02000001,UK,05/10/2016,31/08/2014,2090,0.113,550,0.161,0.2
E14000606,Broxbourne,E15000006,East of England,K02000001,UK,05/10/2016,31/08/2014,3970,0.17,378,0.161,0.2
E14000613,Bury St Edmunds,E15000006,East of England,K02000001,UK,05/10/2016,31/08/2014,2680,0.118,535,0.161,0.2
E14000617,Cambridge,E15000006,East of England,K02000001,UK,05/10/2016,31/08/2014,2920,0.163,401,0.161,0.2
E14000622,Castle Point,E15000006,East of England,K02000001,UK,05/10/2016,31/08/2014,2870,0.164,399,0.161,0.2
E14000624,Central Suffolk and North Ipswich,E15000006,East of England,K02000001,UK,05/10/2016,31/08/2014,2560,0.123,520,0.161,0.2
E14000628,Chelmsford,E15000006,East of England,K02000001,UK,05/10/2016,31/08/2014,3150,0.139,468,0.161,0.2
E14000642,Clacton,E15000006,East of England,K02000001,UK,05/10/2016,31/08/2014,5185,0.315,48,0.161,0.2
E14000644,Colchester,E15000006,East of England,K02000001,UK,05/10/2016,31/08/2014,5035,0.196,290,0.161,0.2
E14000693,Epping Forest,E15000006,East of England,K02000001,UK,05/10/2016,31/08/2014,3030,0.145,455,0.161,0.2
E14000717,Great Yarmouth,E15000006,East of England,K02000001,UK,05/10/2016,31/08/2014,5185,0.25,144,0.161,0.2
E14000729,Harlow,E15000006,East of England,K02000001,UK,05/10/2016,31/08/2014,4520,0.19,310,0.161,0.2
E14000734,Harwich and North Essex,E15000006,East of England,K02000001,UK,05/10/2016,31/08/2014,2575,0.144,458,0.161,0.2
E14000739,Hemel Hempstead,E15000006,East of England,K02000001,UK,05/10/2016,31/08/2014,3850,0.167,391,0.161,0.2
E14000744,Hertford and Stortford,E15000006,East of England,K02000001,UK,05/10/2016,31/08/2014,2205,0.093,604,0.161,0.2
E14000745,Hertsmere,E15000006,East of England,K02000001,UK,05/10/2016,31/08/2014,3005,0.128,504,0.161,0.2
E14000749,Hitchin and Harpenden,E15000006,East of England,K02000001,UK,05/10/2016,31/08/2014,2025,0.088,612,0.161,0.2
E14000757,Huntingdon,E15000006,East of England,K02000001,UK,05/10/2016,31/08/2014,2900,0.118,535,0.161,0.2
E14000761,Ipswich,E15000006,East of England,K02000001,UK,05/10/2016,31/08/2014,5225,0.207,254,0.161,0.2
E14000800,Luton North,E15000006,East of England,K02000001,UK,05/10/2016,31/08/2014,6905,0.238,177,0.161,0.2
E14000801,Luton South,E15000006,East of England,K02000001,UK,05/10/2016,31/08/2014,7720,0.261,125,0.161,0.2
E14000806,Maldon,E15000006,East of England,K02000001,UK,05/10/2016,31/08/2014,2145,0.121,527,0.161,0.2
E14000813,Mid Bedfordshire,E15000006,East of England,K02000001,UK,05/10/2016,31/08/2014,1975,0.087,615,0.161,0.2
E14000816,Mid Norfolk,E15000006,East of England,K02000001,UK,05/10/2016,31/08/2014,2560,0.129,499,0.161,0.2
E14000841,North East Bedfordshire,E15000006,East of England,K02000001,UK,05/10/2016,31/08/2014,2830,0.117,540,0.161,0.2
E14000842,North East Cambridgeshire,E15000006,East of England,K02000001,UK,05/10/2016,31/08/2014,4755,0.194,297,0.161,0.2
E14000845,North East Hertfordshire,E15000006,East of England,K02000001,UK,05/10/2016,31/08/2014,2645,0.124,515,0.161,0.2
E14000848,North Norfolk,E15000006,East of England,K02000001,UK,05/10/2016,31/08/2014,2230,0.167,391,0.161,0.2
E14000855,North West Cambridgeshire,E15000006,East of England,K02000001,UK,05/10/2016,31/08/2014,4770,0.158,415,0.161,0.2
E14000859,North West Norfolk,E15000006,East of England,K02000001,UK,05/10/2016,31/08/2014,3555,0.186,326,0.161,0.2
E14000863,Norwich North,E15000006,East of England,K02000001,UK,05/10/2016,31/08/2014,3555,0.194,297,0.161,0.2
E14000864,Norwich South,E15000006,East of England,K02000001,UK,05/10/2016,31/08/2014,4220,0.245,157,0.161,0.2
E14000878,Peterborough,E15000006,East of England,K02000001,UK,05/10/2016,31/08/2014,8495,0.254,139,0.161,0.2
E14000888,Rayleigh and Wickford,E15000006,East of England,K02000001,UK,05/10/2016,31/08/2014,1815,0.09,607,0.161,0.2
E14000899,Rochford and Southend East,E15000006,East of England,K02000001,UK,05/10/2016,31/08/2014,6240,0.27,107,0.161,0.2
E14000910,Saffron Walden,E15000006,East of England,K02000001,UK,05/10/2016,31/08/2014,1920,0.086,617,0.161,0.2
E14000933,South Basildon and East Thurrock,E15000006,East of England,K02000001,UK,05/10/2016,31/08/2014,4940,0.222,214,0.161,0.2
E14000934,South Cambridgeshire,E15000006,East of England,K02000001,UK,05/10/2016,31/08/2014,2010,0.083,627,0.161,0.2
E14000937,South East Cambridgeshire,E15000006,East of England,K02000001,UK,05/10/2016,31/08/2014,2195,0.09,607,0.161,0.2
E14000941,South Norfolk,E15000006,East of England,K02000001,UK,05/10/2016,31/08/2014,2450,0.123,520,0.161,0.2
E14000946,South Suffolk,E15000006,East of England,K02000001,UK,05/10/2016,31/08/2014,2295,0.127,507,0.161,0.2
E14000949,South West Bedfordshire,E15000006,East of England,K02000001,UK,05/10/2016,31/08/2014,4050,0.169,383,0.161,0.2
E14000951,South West Hertfordshire,E15000006,East of England,K02000001,UK,05/10/2016,31/08/2014,1970,0.084,620,0.161,0.2
E14000952,South West Norfolk,E15000006,East of England,K02000001,UK,05/10/2016,31/08/2014,3455,0.165,394,0.161,0.2
E14000957,Southend West,E15000006,East of England,K02000001,UK,05/10/2016,31/08/2014,2855,0.151,431,0.161,0.2
E14000960,St Albans,E15000006,East of England,K02000001,UK,05/10/2016,31/08/2014,2610,0.114,548,0.161,0.2
E14000968,Stevenage,E15000006,East of England,K02000001,UK,05/10/2016,31/08/2014,3935,0.177,352,0.161,0.2
E14000981,Suffolk Coastal,E15000006,East of England,K02000001,UK,05/10/2016,31/08/2014,2420,0.138,472,0.161,0.2
E14000995,Thurrock,E15000006,East of England,K02000001,UK,05/10/2016,31/08/2014,7135,0.22,219,0.161,0.2
E14001021,Watford,E15000006,East of England,K02000001,UK,05/10/2016,31/08/2014,3865,0.139,468,0.161,0.2
E14001022,Waveney,E15000006,East of England,K02000001,UK,05/10/2016,31/08/2014,4755,0.225,207,0.161,0.2
E14001027,Welwyn Hatfield,E15000006,East of England,K02000001,UK,05/10/2016,31/08/2014,3420,0.152,429,0.161,0.2
E14001034,West Suffolk,E15000006,East of England,K02000001,UK,05/10/2016,31/08/2014,3040,0.14,464,0.161,0.2
E14001045,Witham,E15000006,East of England,K02000001,UK,05/10/2016,31/08/2014,2200,0.118,535,0.161,0.2
E14000540,Barking,E15000007,London,K02000001,UK,05/10/2016,31/08/2014,12000,0.29,80,0.239,0.2
E14000549,Battersea,E15000007,London,K02000001,UK,05/10/2016,31/08/2014,3915,0.216,231,0.239,0.2
E14000551,Beckenham,E15000007,London,K02000001,UK,05/10/2016,31/08/2014,1845,0.097,592,0.239,0.2
E14000553,Bermondsey and Old Southwark,E15000007,London,K02000001,UK,05/10/2016,31/08/2014,7540,0.323,40,0.239,0.2
E14000555,Bethnal Green and Bow,E15000007,London,K02000001,UK,05/10/2016,31/08/2014,12115,0.429,2,0.239,0.2
E14000558,Bexleyheath and Crayford,E15000007,London,K02000001,UK,05/10/2016,31/08/2014,3960,0.188,319,0.239,0.2
E14000591,Brent Central,E15000007,London,K02000001,UK,05/10/2016,31/08/2014,10420,0.286,85,0.239,0.2
E14000592,Brent North,E15000007,London,K02000001,UK,05/10/2016,31/08/2014,6050,0.192,304,0.239,0.2
E14000593,Brentford and Isleworth,E15000007,London,K02000001,UK,05/10/2016,31/08/2014,5560,0.2,276,0.239,0.2
E14000604,Bromley and Chislehurst,E15000007,London,K02000001,UK,05/10/2016,31/08/2014,3705,0.174,363,0.239,0.2
E14000615,Camberwell and Peckham,E15000007,London,K02000001,UK,05/10/2016,31/08/2014,8940,0.295,72,0.239,0.2
E14000621,Carshalton and Wallington,E15000007,London,K02000001,UK,05/10/2016,31/08/2014,4400,0.182,337,0.239,0.2
E14000629,Chelsea and Fulham,E15000007,London,K02000001,UK,05/10/2016,31/08/2014,2900,0.194,297,0.239,0.2
E14000634,Chingford and Woodford Green,E15000007,London,K02000001,UK,05/10/2016,31/08/2014,4025,0.196,290,0.239,0.2
E14000636,Chipping Barnet,E15000007,London,K02000001,UK,05/10/2016,31/08/2014,3945,0.157,417,0.239,0.2
E14000639,Cities of London and Westminster,E15000007,London,K02000001,UK,05/10/2016,31/08/2014,3075,0.266,114,0.239,0.2
E14000654,Croydon Central,E15000007,London,K02000001,UK,05/10/2016,31/08/2014,7355,0.256,134,0.239,0.2
E14000655,Croydon North,E15000007,London,K02000001,UK,05/10/2016,31/08/2014,9465,0.255,136,0.239,0.2
E14000656,Croydon South,E15000007,London,K02000001,UK,05/10/2016,31/08/2014,3610,0.145,455,0.239,0.2
E14000657,Dagenham and Rainham,E15000007,London,K02000001,UK,05/10/2016,31/08/2014,7510,0.265,115,0.239,0.2
E14000673,Dulwich and West Norwood,E15000007,London,K02000001,UK,05/10/2016,31/08/2014,6140,0.235,186,0.239,0.2
E14000674,Ealing Central and Acton,E15000007,London,K02000001,UK,05/10/2016,31/08/2014,4830,0.209,249,0.239,0.2
E14000675,Ealing North,E15000007,London,K02000001,UK,05/10/2016,31/08/2014,7225,0.219,225,0.239,0.2
E14000676,"Ealing, Southall",E15000007,London,K02000001,UK,05/10/2016,31/08/2014,5650,0.223,212,0.239,0.2
E14000679,East Ham,E15000007,London,K02000001,UK,05/10/2016,31/08/2014,12365,0.284,91,0.239,0.2
E14000687,Edmonton,E15000007,London,K02000001,UK,05/10/2016,31/08/2014,11695,0.333,31,0.239,0.2
E14000690,Eltham,E15000007,London,K02000001,UK,05/10/2016,31/08/2014,4490,0.22,219,0.239,0.2
E14000691,Enfield North,E15000007,London,K02000001,UK,05/10/2016,31/08/2014,8870,0.298,68,0.239,0.2
E14000692,"Enfield, Southgate",E15000007,London,K02000001,UK,05/10/2016,31/08/2014,3680,0.177,352,0.239,0.2
E14000696,Erith and Thamesmead,E15000007,London,K02000001,UK,05/10/2016,31/08/2014,8195,0.259,129,0.239,0.2
E14000701,Feltham and Heston,E15000007,London,K02000001,UK,05/10/2016,31/08/2014,7910,0.234,190,0.239,0.2
E14000703,Finchley and Golders Green,E15000007,London,K02000001,UK,05/10/2016,31/08/2014,4235,0.162,406,0.239,0.2
E14000718,Greenwich and Woolwich,E15000007,London,K02000001,UK,05/10/2016,31/08/2014,7485,0.281,93,0.239,0.2
E14000720,Hackney North and Stoke Newington,E15000007,London,K02000001,UK,05/10/2016,31/08/2014,9790,0.271,105,0.239,0.2
E14000721,Hackney South and Shoreditch,E15000007,London,K02000001,UK,05/10/2016,31/08/2014,9940,0.365,15,0.239,0.2
E14000726,Hammersmith,E15000007,London,K02000001,UK,05/10/2016,31/08/2014,5880,0.279,95,0.239,0.2
E14000727,Hampstead and Kilburn,E15000007,London,K02000001,UK,05/10/2016,31/08/2014,5360,0.244,160,0.239,0.2
E14000731,Harrow East,E15000007,London,K02000001,UK,05/10/2016,31/08/2014,4530,0.181,340,0.239,0.2
E14000732,Harrow West,E15000007,London,K02000001,UK,05/10/2016,31/08/2014,4840,0.198,279,0.239,0.2
E14000737,Hayes and Harlington,E15000007,London,K02000001,UK,05/10/2016,31/08/2014,8305,0.253,141,0.239,0.2
E14000741,Hendon,E15000007,London,K02000001,UK,05/10/2016,31/08/2014,6845,0.21,246,0.239,0.2
E14000750,Holborn and St Pancras,E15000007,London,K02000001,UK,05/10/2016,31/08/2014,8355,0.361,16,0.239,0.2
E14000751,Hornchurch and Upminster,E15000007,London,K02000001,UK,05/10/2016,31/08/2014,4135,0.183,333,0.239,0.2
E14000752,Hornsey and Wood Green,E15000007,London,K02000001,UK,05/10/2016,31/08/2014,5035,0.202,269,0.239,0.2
E14000759,Ilford North,E15000007,London,K02000001,UK,05/10/2016,31/08/2014,4640,0.183,333,0.239,0.2
E14000760,Ilford South,E15000007,London,K02000001,UK,05/10/2016,31/08/2014,9505,0.248,151,0.239,0.2
E14000763,Islington North,E15000007,London,K02000001,UK,05/10/2016,31/08/2014,6835,0.333,31,0.239,0.2
E14000764,Islington South and Finsbury,E15000007,London,K02000001,UK,05/10/2016,31/08/2014,6450,0.378,9,0.239,0.2
E14000768,Kensington,E15000007,London,K02000001,UK,05/10/2016,31/08/2014,3775,0.243,164,0.239,0.2
E14000770,Kingston and Surbiton,E15000007,London,K02000001,UK,05/10/2016,31/08/2014,3715,0.152,429,0.239,0.2
E14000787,Lewisham East,E15000007,London,K02000001,UK,05/10/2016,31/08/2014,6635,0.257,131,0.239,0.2
E14000788,Lewisham West and Penge,E15000007,London,K02000001,UK,05/10/2016,31/08/2014,6430,0.243,164,0.239,0.2
E14000789,"Lewisham, Deptford",E15000007,London,K02000001,UK,05/10/2016,31/08/2014,7210,0.277,98,0.239,0.2
E14000790,Leyton and Wanstead,E15000007,London,K02000001,UK,05/10/2016,31/08/2014,5315,0.22,219,0.239,0.2
E14000823,Mitcham and Morden,E15000007,London,K02000001,UK,05/10/2016,31/08/2014,5850,0.216,231,0.239,0.2
E14000869,Old Bexley and Sidcup,E15000007,London,K02000001,UK,05/10/2016,31/08/2014,2245,0.124,515,0.239,0.2
E14000872,Orpington,E15000007,London,K02000001,UK,05/10/2016,31/08/2014,2915,0.148,442,0.239,0.2
E14000882,Poplar and Limehouse,E15000007,London,K02000001,UK,05/10/2016,31/08/2014,13505,0.41,4,0.239,0.2
E14000887,Putney,E15000007,London,K02000001,UK,05/10/2016,31/08/2014,4235,0.23,198,0.239,0.2
E14000896,Richmond Park,E15000007,London,K02000001,UK,05/10/2016,31/08/2014,2410,0.101,581,0.239,0.2
E14000900,Romford,E15000007,London,K02000001,UK,05/10/2016,31/08/2014,3800,0.171,372,0.239,0.2
E14000906,"Ruislip, Northwood and Pinner",E15000007,London,K02000001,UK,05/10/2016,31/08/2014,2360,0.12,531,0.239,0.2
E14000978,Streatham,E15000007,London,K02000001,UK,05/10/2016,31/08/2014,5830,0.244,160,0.239,0.2
E14000984,Sutton and Cheam,E15000007,London,K02000001,UK,05/10/2016,31/08/2014,2445,0.115,547,0.239,0.2
E14000998,Tooting,E15000007,London,K02000001,UK,05/10/2016,31/08/2014,4100,0.192,304,0.239,0.2
E14001002,Tottenham,E15000007,London,K02000001,UK,05/10/2016,31/08/2014,11415,0.322,41,0.239,0.2
E14001005,Twickenham,E15000007,London,K02000001,UK,05/10/2016,31/08/2014,2420,0.098,587,0.239,0.2
E14001007,Uxbridge and South Ruislip,E15000007,London,K02000001,UK,05/10/2016,31/08/2014,4165,0.175,361,0.239,0.2
E14001008,Vauxhall,E15000007,London,K02000001,UK,05/10/2016,31/08/2014,6225,0.309,52,0.239,0.2
E14001013,Walthamstow,E15000007,London,K02000001,UK,05/10/2016,31/08/2014,8145,0.264,117,0.239,0.2
E14001032,West Ham,E15000007,London,K02000001,UK,05/10/2016,31/08/2014,12500,0.301,61,0.239,0.2
E14001036,Westminster North,E15000007,London,K02000001,UK,05/10/2016,31/08/2014,7255,0.371,13,0.239,0.2
E14001040,Wimbledon,E15000007,London,K02000001,UK,05/10/2016,31/08/2014,1745,0.094,601,0.239,0.2
E14000530,Aldershot,E15000008,South East,K02000001,UK,05/10/2016,31/08/2014,2915,0.122,523,0.144,0.2
E14000534,Arundel and South Downs,E15000008,South East,K02000001,UK,05/10/2016,31/08/2014,1575,0.084,620,0.144,0.2
E14000536,Ashford,E15000008,South East,K02000001,UK,05/10/2016,31/08/2014,4615,0.168,386,0.144,0.2
E14000538,Aylesbury,E15000008,South East,K02000001,UK,05/10/2016,31/08/2014,3050,0.116,544,0.144,0.2
E14000539,Banbury,E15000008,South East,K02000001,UK,05/10/2016,31/08/2014,3175,0.116,544,0.144,0.2
E14000545,Basingstoke,E15000008,South East,K02000001,UK,05/10/2016,31/08/2014,3480,0.134,485,0.144,0.2
E14000550,Beaconsfield,E15000008,South East,K02000001,UK,05/10/2016,31/08/2014,1840,0.09,607,0.144,0.2
E14000557,Bexhill and Battle,E15000008,South East,K02000001,UK,05/10/2016,31/08/2014,2870,0.157,417,0.144,0.2
E14000576,Bognor Regis and Littlehampton,E15000008,South East,K02000001,UK,05/10/2016,31/08/2014,3385,0.169,383,0.144,0.2
E14000586,Bracknell,E15000008,South East,K02000001,UK,05/10/2016,31/08/2014,2690,0.111,555,0.144,0.2
E14000597,"Brighton, Kemptown",E15000008,South East,K02000001,UK,05/10/2016,31/08/2014,4255,0.253,141,0.144,0.2
E14000598,"Brighton, Pavilion",E15000008,South East,K02000001,UK,05/10/2016,31/08/2014,2715,0.151,431,0.144,0.2
E14000608,Buckingham,E15000008,South East,K02000001,UK,05/10/2016,31/08/2014,1755,0.084,620,0.144,0.2
E14000619,Canterbury,E15000008,South East,K02000001,UK,05/10/2016,31/08/2014,3220,0.173,367,0.144,0.2
E14000626,Chatham and Aylesford,E15000008,South East,K02000001,UK,05/10/2016,31/08/2014,5445,0.222,214,0.144,0.2
E14000631,Chesham and Amersham,E15000008,South East,K02000001,UK,05/10/2016,31/08/2014,1695,0.082,629,0.144,0.2
E14000633,Chichester,E15000008,South East,K02000001,UK,05/10/2016,31/08/2014,2440,0.123,520,0.144,0.2
E14000652,Crawley,E15000008,South East,K02000001,UK,05/10/2016,31/08/2014,4665,0.176,357,0.144,0.2
E14000659,Dartford,E15000008,South East,K02000001,UK,05/10/2016,31/08/2014,3845,0.157,417,0.144,0.2
E14000670,Dover,E15000008,South East,K02000001,UK,05/10/2016,31/08/2014,4685,0.233,191,0.144,0.2
E14000680,East Hampshire,E15000008,South East,K02000001,UK,05/10/2016,31/08/2014,1835,0.091,605,0.144,0.2
E14000681,East Surrey,E15000008,South East,K02000001,UK,05/10/2016,31/08/2014,2380,0.105,569,0.144,0.2
E14000682,East Worthing and Shoreham,E15000008,South East,K02000001,UK,05/10/2016,31/08/2014,2965,0.146,451,0.144,0.2
E14000684,Eastbourne,E15000008,South East,K02000001,UK,05/10/2016,31/08/2014,4265,0.199,278,0.144,0.2
E14000685,Eastleigh,E15000008,South East,K02000001,UK,05/10/2016,31/08/2014,2560,0.113,550,0.144,0.2
E14000694,Epsom and Ewell,E15000008,South East,K02000001,UK,05/10/2016,31/08/2014,1845,0.082,629,0.144,0.2
E14000697,Esher and Walton,E15000008,South East,K02000001,UK,05/10/2016,31/08/2014,2340,0.094,601,0.144,0.2
E14000699,Fareham,E15000008,South East,K02000001,UK,05/10/2016,31/08/2014,1690,0.087,615,0.144,0.2
E14000700,Faversham and Mid Kent,E15000008,South East,K02000001,UK,05/10/2016,31/08/2014,3390,0.165,394,0.144,0.2
E14000704,Folkestone and Hythe,E15000008,South East,K02000001,UK,05/10/2016,31/08/2014,4820,0.211,241,0.144,0.2
E14000711,Gillingham and Rainham,E15000008,South East,K02000001,UK,05/10/2016,31/08/2014,4450,0.197,286,0.144,0.2
E14000713,Gosport,E15000008,South East,K02000001,UK,05/10/2016,31/08/2014,3285,0.163,401,0.144,0.2
E14000715,Gravesham,E15000008,South East,K02000001,UK,05/10/2016,31/08/2014,4640,0.192,304,0.144,0.2
E14000719,Guildford,E15000008,South East,K02000001,UK,05/10/2016,31/08/2014,1980,0.097,592,0.144,0.2
E14000735,Hastings and Rye,E15000008,South East,K02000001,UK,05/10/2016,31/08/2014,6125,0.268,110,0.144,0.2
E14000736,Havant,E15000008,South East,K02000001,UK,05/10/2016,31/08/2014,4030,0.21,246,0.144,0.2
E14000742,Henley,E15000008,South East,K02000001,UK,05/10/2016,31/08/2014,1365,0.068,645,0.144,0.2
E14000753,Horsham,E15000008,South East,K02000001,UK,05/10/2016,31/08/2014,1840,0.084,620,0.144,0.2
E14000755,Hove,E15000008,South East,K02000001,UK,05/10/2016,31/08/2014,2885,0.147,448,0.144,0.2
E14000762,Isle of Wight,E15000008,South East,K02000001,UK,05/10/2016,31/08/2014,5360,0.207,254,0.144,0.2
E14000786,Lewes,E15000008,South East,K02000001,UK,05/10/2016,31/08/2014,2480,0.147,448,0.144,0.2
E14000803,Maidenhead,E15000008,South East,K02000001,UK,05/10/2016,31/08/2014,1745,0.08,635,0.144,0.2
E14000804,Maidstone and The Weald,E15000008,South East,K02000001,UK,05/10/2016,31/08/2014,3010,0.139,468,0.144,0.2
E14000811,Meon Valley,E15000008,South East,K02000001,UK,05/10/2016,31/08/2014,1925,0.106,567,0.144,0.2
E14000817,Mid Sussex,E15000008,South East,K02000001,UK,05/10/2016,31/08/2014,1875,0.083,627,0.144,0.2
E14000821,Milton Keynes North,E15000008,South East,K02000001,UK,05/10/2016,31/08/2014,5425,0.174,363,0.144,0.2
E14000822,Milton Keynes South,E15000008,South East,K02000001,UK,05/10/2016,31/08/2014,6245,0.183,333,0.144,0.2
E14000824,Mole Valley,E15000008,South East,K02000001,UK,05/10/2016,31/08/2014,1460,0.077,639,0.144,0.2
E14000827,New Forest East,E15000008,South East,K02000001,UK,05/10/2016,31/08/2014,2315,0.127,507,0.144,0.2
E14000828,New Forest West,E15000008,South East,K02000001,UK,05/10/2016,31/08/2014,1615,0.113,550,0.144,0.2
E14000830,Newbury,E15000008,South East,K02000001,UK,05/10/2016,31/08/2014,2415,0.101,581,0.144,0.2
E14000844,North East Hampshire,E15000008,South East,K02000001,UK,05/10/2016,31/08/2014,1295,0.061,648,0.144,0.2
E14000852,North Thanet,E15000008,South East,K02000001,UK,05/10/2016,31/08/2014,4775,0.231,195,0.144,0.2
E14000857,North West Hampshire,E15000008,South East,K02000001,UK,05/10/2016,31/08/2014,2395,0.108,565,0.144,0.2
E14000873,Oxford East,E15000008,South East,K02000001,UK,05/10/2016,31/08/2014,4915,0.211,241,0.144,0.2
E14000874,Oxford West and Abingdon,E15000008,South East,K02000001,UK,05/10/2016,31/08/2014,1890,0.096,595,0.144,0.2
E14000883,Portsmouth North,E15000008,South East,K02000001,UK,05/10/2016,31/08/2014,4650,0.198,279,0.144,0.2
E14000884,Portsmouth South,E15000008,South East,K02000001,UK,05/10/2016,31/08/2014,5275,0.276,100,0.144,0.2
E14000889,Reading East,E15000008,South East,K02000001,UK,05/10/2016,31/08/2014,3210,0.146,451,0.144,0.2
E14000890,Reading West,E15000008,South East,K02000001,UK,05/10/2016,31/08/2014,4460,0.178,350,0.144,0.2
E14000893,Reigate,E15000008,South East,K02000001,UK,05/10/2016,31/08/2014,2340,0.103,577,0.144,0.2
E14000898,Rochester and Strood,E15000008,South East,K02000001,UK,05/10/2016,31/08/2014,4490,0.184,329,0.144,0.2
E14000901,Romsey and Southampton North,E15000008,South East,K02000001,UK,05/10/2016,31/08/2014,1935,0.117,540,0.144,0.2
E14000907,Runnymede and Weybridge,E15000008,South East,K02000001,UK,05/10/2016,31/08/2014,2105,0.105,569,0.144,0.2
E14000918,Sevenoaks,E15000008,South East,K02000001,UK,05/10/2016,31/08/2014,2565,0.124,515,0.144,0.2
E14000927,Sittingbourne and Sheppey,E15000008,South East,K02000001,UK,05/10/2016,31/08/2014,6270,0.241,171,0.144,0.2
E14000930,Slough,E15000008,South East,K02000001,UK,05/10/2016,31/08/2014,7635,0.198,279,0.144,0.2
E14000948,South Thanet,E15000008,South East,K02000001,UK,05/10/2016,31/08/2014,5435,0.256,134,0.144,0.2
E14000953,South West Surrey,E15000008,South East,K02000001,UK,05/10/2016,31/08/2014,1715,0.078,637,0.144,0.2
E14000955,"Southampton, Itchen",E15000008,South East,K02000001,UK,05/10/2016,31/08/2014,5195,0.237,184,0.144,0.2
E14000956,"Southampton, Test",E15000008,South East,K02000001,UK,05/10/2016,31/08/2014,5155,0.227,202,0.144,0.2
E14000959,Spelthorne,E15000008,South East,K02000001,UK,05/10/2016,31/08/2014,2775,0.137,475,0.144,0.2
E14000983,Surrey Heath,E15000008,South East,K02000001,UK,05/10/2016,31/08/2014,2105,0.094,601,0.144,0.2
E14000997,Tonbridge and Malling,E15000008,South East,K02000001,UK,05/10/2016,31/08/2014,2735,0.121,527,0.144,0.2
E14001004,Tunbridge Wells,E15000008,South East,K02000001,UK,05/10/2016,31/08/2014,2375,0.105,569,0.144,0.2
E14001015,Wantage,E15000008,South East,K02000001,UK,05/10/2016,31/08/2014,2340,0.095,598,0.144,0.2
E14001023,Wealden,E15000008,South East,K02000001,UK,05/10/2016,31/08/2014,2310,0.111,555,0.144,0.2
E14001041,Winchester,E15000008,South East,K02000001,UK,05/10/2016,31/08/2014,1430,0.075,642,0.144,0.2
E14001042,Windsor,E15000008,South East,K02000001,UK,05/10/2016,31/08/2014,1890,0.088,612,0.144,0.2
E14001046,Witney,E15000008,South East,K02000001,UK,05/10/2016,31/08/2014,1960,0.086,617,0.144,0.2
E14001047,Woking,E15000008,South East,K02000001,UK,05/10/2016,31/08/2014,2525,0.108,565,0.144,0.2
E14001048,Wokingham,E15000008,South East,K02000001,UK,05/10/2016,31/08/2014,1715,0.074,643,0.144,0.2
E14001055,Worthing West,E15000008,South East,K02000001,UK,05/10/2016,31/08/2014,2590,0.148,442,0.144,0.2
E14001056,Wycombe,E15000008,South East,K02000001,UK,05/10/2016,31/08/2014,3825,0.147,448,0.144,0.2
E14000547,Bath,E15000009,South West,K02000001,UK,05/10/2016,31/08/2014,2045,0.136,478,0.157,0.2
E14000584,Bournemouth East,E15000009,South West,K02000001,UK,05/10/2016,31/08/2014,3565,0.176,357,0.157,0.2
E14000585,Bournemouth West,E15000009,South West,K02000001,UK,05/10/2016,31/08/2014,3570,0.209,249,0.157,0.2
E14000595,Bridgwater and West Somerset,E15000009,South West,K02000001,UK,05/10/2016,31/08/2014,4170,0.188,319,0.157,0.2
E14000599,Bristol East,E15000009,South West,K02000001,UK,05/10/2016,31/08/2014,4440,0.202,269,0.157,0.2
E14000600,Bristol North West,E15000009,South West,K02000001,UK,05/10/2016,31/08/2014,5055,0.213,236,0.157,0.2
E14000601,Bristol South,E15000009,South West,K02000001,UK,05/10/2016,31/08/2014,6830,0.264,117,0.157,0.2
E14000602,Bristol West,E15000009,South West,K02000001,UK,05/10/2016,31/08/2014,5065,0.238,177,0.157,0.2
E14000616,Camborne and Redruth,E15000009,South West,K02000001,UK,05/10/2016,31/08/2014,3630,0.202,269,0.157,0.2
E14000623,Central Devon,E15000009,South West,K02000001,UK,05/10/2016,31/08/2014,2355,0.129,499,0.157,0.2
E14000630,Cheltenham,E15000009,South West,K02000001,UK,05/10/2016,31/08/2014,2975,0.148,442,0.157,0.2
E14000635,Chippenham,E15000009,South West,K02000001,UK,05/10/2016,31/08/2014,2645,0.125,512,0.157,0.2
E14000638,Christchurch,E15000009,South West,K02000001,UK,05/10/2016,31/08/2014,1840,0.135,481,0.157,0.2
E14000665,Devizes,E15000009,South West,K02000001,UK,05/10/2016,31/08/2014,2215,0.103,577,0.157,0.2
E14000678,East Devon,E15000009,South West,K02000001,UK,05/10/2016,31/08/2014,2170,0.121,527,0.157,0.2
E14000698,Exeter,E15000009,South West,K02000001,UK,05/10/2016,31/08/2014,2975,0.154,424,0.157,0.2
E14000702,Filton and Bradley Stoke,E15000009,South West,K02000001,UK,05/10/2016,31/08/2014,2440,0.117,540,0.157,0.2
E14000705,Forest of Dean,E15000009,South West,K02000001,UK,05/10/2016,31/08/2014,2585,0.151,431,0.157,0.2
E14000712,Gloucester,E15000009,South West,K02000001,UK,05/10/2016,31/08/2014,5295,0.19,310,0.157,0.2
E14000774,Kingswood,E15000009,South West,K02000001,UK,05/10/2016,31/08/2014,2385,0.124,515,0.157,0.2
E14000815,Mid Dorset and North Poole,E15000009,South West,K02000001,UK,05/10/2016,31/08/2014,1660,0.104,574,0.157,0.2
E14000835,Newton Abbot,E15000009,South West,K02000001,UK,05/10/2016,31/08/2014,2535,0.15,436,0.157,0.2
E14000837,North Cornwall,E15000009,South West,K02000001,UK,05/10/2016,31/08/2014,3355,0.189,314,0.157,0.2
E14000838,North Devon,E15000009,South West,K02000001,UK,05/10/2016,31/08/2014,2850,0.149,439,0.157,0.2
E14000839,North Dorset,E15000009,South West,K02000001,UK,05/10/2016,31/08/2014,2095,0.111,555,0.157,0.2
E14000846,North East Somerset,E15000009,South West,K02000001,UK,05/10/2016,31/08/2014,2010,0.109,562,0.157,0.2
E14000850,North Somerset,E15000009,South West,K02000001,UK,05/10/2016,31/08/2014,1560,0.076,640,0.157,0.2
E14000851,North Swindon,E15000009,South West,K02000001,UK,05/10/2016,31/08/2014,3925,0.148,442,0.157,0.2
E14000860,North Wiltshire,E15000009,South West,K02000001,UK,05/10/2016,31/08/2014,1955,0.104,574,0.157,0.2
E14000879,"Plymouth, Moor View",E15000009,South West,K02000001,UK,05/10/2016,31/08/2014,5235,0.238,177,0.157,0.2
E14000880,"Plymouth, Sutton and Devonport",E15000009,South West,K02000001,UK,05/10/2016,31/08/2014,5075,0.247,155,0.157,0.2
E14000881,Poole,E15000009,South West,K02000001,UK,05/10/2016,31/08/2014,2880,0.153,426,0.157,0.2
E14000912,Salisbury,E15000009,South West,K02000001,UK,05/10/2016,31/08/2014,2050,0.109,562,0.157,0.2
E14000932,Somerton and Frome,E15000009,South West,K02000001,UK,05/10/2016,31/08/2014,2905,0.136,478,0.157,0.2
E14000936,South Dorset,E15000009,South West,K02000001,UK,05/10/2016,31/08/2014,3190,0.179,345,0.157,0.2
E14000938,South East Cornwall,E15000009,South West,K02000001,UK,05/10/2016,31/08/2014,2970,0.176,357,0.157,0.2
E14000947,South Swindon,E15000009,South West,K02000001,UK,05/10/2016,31/08/2014,4055,0.171,372,0.157,0.2
E14000950,South West Devon,E15000009,South West,K02000001,UK,05/10/2016,31/08/2014,1660,0.091,605,0.157,0.2
E14000954,South West Wiltshire,E15000009,South West,K02000001,UK,05/10/2016,31/08/2014,3115,0.149,439,0.157,0.2
E14000961,St Austell and Newquay,E15000009,South West,K02000001,UK,05/10/2016,31/08/2014,4115,0.196,290,0.157,0.2
E14000964,St Ives,E15000009,South West,K02000001,UK,05/10/2016,31/08/2014,2960,0.184,329,0.157,0.2
E14000980,Stroud,E15000009,South West,K02000001,UK,05/10/2016,31/08/2014,2315,0.112,553,0.157,0.2
E14000988,Taunton Deane,E15000009,South West,K02000001,UK,05/10/2016,31/08/2014,3060,0.132,492,0.157,0.2
E14000990,Tewkesbury,E15000009,South West,K02000001,UK,05/10/2016,31/08/2014,2445,0.119,532,0.157,0.2
E14000991,The Cotswolds,E15000009,South West,K02000001,UK,05/10/2016,31/08/2014,1765,0.097,592,0.157,0.2
E14000994,Thornbury and Yate,E15000009,South West,K02000001,UK,05/10/2016,31/08/2014,1740,0.099,584,0.157,0.2
E14000996,Tiverton and Honiton,E15000009,South West,K02000001,UK,05/10/2016,31/08/2014,2480,0.128,504,0.157,0.2
E14000999,Torbay,E15000009,South West,K02000001,UK,05/10/2016,31/08/2014,4530,0.224,209,0.157,0.2
E14001000,Torridge and West Devon,E15000009,South West,K02000001,UK,05/10/2016,31/08/2014,3020,0.163,401,0.157,0.2
E14001001,Totnes,E15000009,South West,K02000001,UK,05/10/2016,31/08/2014,3000,0.193,301,0.157,0.2
E14001003,Truro and Falmouth,E15000009,South West,K02000001,UK,05/10/2016,31/08/2014,2640,0.154,424,0.157,0.2
E14001026,Wells,E15000009,South West,K02000001,UK,05/10/2016,31/08/2014,2885,0.141,461,0.157,0.2
E14001031,West Dorset,E15000009,South West,K02000001,UK,05/10/2016,31/08/2014,2210,0.128,504,0.157,0.2
E14001038,Weston-Super-Mare,E15000009,South West,K02000001,UK,05/10/2016,31/08/2014,4520,0.196,290,0.157,0.2
E14001060,Yeovil,E15000009,South West,K02000001,UK,05/10/2016,31/08/2014,3325,0.146,451,0.157,0.2
N06000001,Belfast East,N92000002,Northern Ireland,K02000001,UK,05/10/2016,31/08/2014,4355,0.217,230,0.233,0.2
N06000002,Belfast North,N92000002,Northern Ireland,K02000001,UK,05/10/2016,31/08/2014,9345,0.36,18,0.233,0.2
N06000003,Belfast South,N92000002,Northern Ireland,K02000001,UK,05/10/2016,31/08/2014,4170,0.203,264,0.233,0.2
N06000004,Belfast West,N92000002,Northern Ireland,K02000001,UK,05/10/2016,31/08/2014,10800,0.406,5,0.233,0.2
N06000005,East Antrim,N92000002,Northern Ireland,K02000001,UK,05/10/2016,31/08/2014,3745,0.188,319,0.233,0.2
N06000006,East Londonderry,N92000002,Northern Ireland,K02000001,UK,05/10/2016,31/08/2014,5815,0.248,151,0.233,0.2
N06000007,Fermanagh and South Tyrone,N92000002,Northern Ireland,K02000001,UK,05/10/2016,31/08/2014,5000,0.19,310,0.233,0.2
N06000008,Foyle,N92000002,Northern Ireland,K02000001,UK,05/10/2016,31/08/2014,9750,0.36,18,0.233,0.2
N06000009,Lagan Valley,N92000002,Northern Ireland,K02000001,UK,05/10/2016,31/08/2014,3620,0.15,436,0.233,0.2
N06000010,Mid Ulster,N92000002,Northern Ireland,K02000001,UK,05/10/2016,31/08/2014,5490,0.201,272,0.233,0.2
N06000011,Newry and Armagh,N92000002,Northern Ireland,K02000001,UK,05/10/2016,31/08/2014,7550,0.248,151,0.233,0.2
N06000012,North Antrim,N92000002,Northern Ireland,K02000001,UK,05/10/2016,31/08/2014,5055,0.196,290,0.233,0.2
N06000013,North Down,N92000002,Northern Ireland,K02000001,UK,05/10/2016,31/08/2014,2980,0.156,420,0.233,0.2
N06000014,South Antrim,N92000002,Northern Ireland,K02000001,UK,05/10/2016,31/08/2014,4060,0.16,411,0.233,0.2
N06000015,South Down,N92000002,Northern Ireland,K02000001,UK,05/10/2016,31/08/2014,5970,0.205,260,0.233,0.2
N06000016,Strangford,N92000002,Northern Ireland,K02000001,UK,05/10/2016,31/08/2014,3730,0.184,329,0.233,0.2
N06000017,Upper Bann,N92000002,Northern Ireland,K02000001,UK,05/10/2016,31/08/2014,6515,0.207,254,0.233,0.2
N06000018,West Tyrone,N92000002,Northern Ireland,K02000001,UK,05/10/2016,31/08/2014,6315,0.267,112,0.233,0.2
S14000001,Aberdeen North,S15000001,Scotland,K02000001,UK,05/10/2016,31/08/2014,2800,0.174,363,0.184,0.2
S14000002,Aberdeen South,S15000001,Scotland,K02000001,UK,05/10/2016,31/08/2014,1280,0.096,595,0.184,0.2
S14000003,Airdrie and Shotts,S15000001,Scotland,K02000001,UK,05/10/2016,31/08/2014,4350,0.235,186,0.184,0.2
S14000004,Angus,S15000001,Scotland,K02000001,UK,05/10/2016,31/08/2014,2735,0.168,386,0.184,0.2
S14000005,Argyll and Bute,S15000001,Scotland,K02000001,UK,05/10/2016,31/08/2014,2120,0.139,468,0.184,0.2
S14000006,"Ayr, Carrick and Cumnock",S15000001,Scotland,K02000001,UK,05/10/2016,31/08/2014,3765,0.22,219,0.184,0.2
S14000007,Banff and Buchan,S15000001,Scotland,K02000001,UK,05/10/2016,31/08/2014,2265,0.127,507,0.184,0.2
S14000008,"Berwickshire, Roxburgh and Selkirk",S15000001,Scotland,K02000001,UK,05/10/2016,31/08/2014,2660,0.153,426,0.184,0.2
S14000009,"Caithness, Sutherland and Easter Ross",S15000001,Scotland,K02000001,UK,05/10/2016,31/08/2014,2065,0.181,340,0.184,0.2
S14000010,Central Ayrshire,S15000001,Scotland,K02000001,UK,05/10/2016,31/08/2014,3700,0.219,225,0.184,0.2
S14000011,"Coatbridge, Chryston and Bellshill",S15000001,Scotland,K02000001,UK,05/10/2016,31/08/2014,3870,0.188,319,0.184,0.2
S14000012,"Cumbernauld, Kilsyth and Kirkintilloch East",S15000001,Scotland,K02000001,UK,05/10/2016,31/08/2014,3320,0.183,333,0.184,0.2
S14000013,Dumfries and Galloway,S15000001,Scotland,K02000001,UK,05/10/2016,31/08/2014,3185,0.181,340,0.184,0.2
S14000014,"Dumfriesshire, Clydesdale and Tweeddale",S15000001,Scotland,K02000001,UK,05/10/2016,31/08/2014,2335,0.145,455,0.184,0.2
S14000015,Dundee East,S15000001,Scotland,K02000001,UK,05/10/2016,31/08/2014,3340,0.189,314,0.184,0.2
S14000016,Dundee West,S15000001,Scotland,K02000001,UK,05/10/2016,31/08/2014,3750,0.249,148,0.184,0.2
S14000017,Dunfermline and West Fife,S15000001,Scotland,K02000001,UK,05/10/2016,31/08/2014,3150,0.151,431,0.184,0.2
S14000018,East Dunbartonshire,S15000001,Scotland,K02000001,UK,05/10/2016,31/08/2014,1240,0.081,632,0.184,0.2
S14000019,"East Kilbride, Strathaven and Lesmahagow",S15000001,Scotland,K02000001,UK,05/10/2016,31/08/2014,2970,0.148,442,0.184,0.2
S14000020,East Lothian,S15000001,Scotland,K02000001,UK,05/10/2016,31/08/2014,2875,0.138,472,0.184,0.2
S14000021,East Renfrewshire,S15000001,Scotland,K02000001,UK,05/10/2016,31/08/2014,1885,0.098,587,0.184,0.2
S14000022,Edinburgh East,S15000001,Scotland,K02000001,UK,05/10/2016,31/08/2014,3065,0.22,219,0.184,0.2
S14000023,Edinburgh North and Leith,S15000001,Scotland,K02000001,UK,05/10/2016,31/08/2014,2780,0.177,352,0.184,0.2
S14000024,Edinburgh South,S15000001,Scotland,K02000001,UK,05/10/2016,31/08/2014,2030,0.137,475,0.184,0.2
S14000025,Edinburgh South West,S15000001,Scotland,K02000001,UK,05/10/2016,31/08/2014,2940,0.179,345,0.184,0.2
S14000026,Edinburgh West,S15000001,Scotland,K02000001,UK,05/10/2016,31/08/2014,2405,0.134,485,0.184,0.2
S14000027,Na h-Eileanan An Iar,S15000001,Scotland,K02000001,UK,05/10/2016,31/08/2014,460,0.096,595,0.184,0.2
S14000028,Falkirk,S15000001,Scotland,K02000001,UK,05/10/2016,31/08/2014,3685,0.168,386,0.184,0.2
S14000029,Glasgow Central,S15000001,Scotland,K02000001,UK,05/10/2016,31/08/2014,4970,0.367,14,0.184,0.2
S14000030,Glasgow East,S15000001,Scotland,K02000001,UK,05/10/2016,31/08/2014,5790,0.314,49,0.184,0.2
S14000031,Glasgow North,S15000001,Scotland,K02000001,UK,05/10/2016,31/08/2014,2590,0.264,117,0.184,0.2
S14000032,Glasgow North East,S15000001,Scotland,K02000001,UK,05/10/2016,31/08/2014,5790,0.36,18,0.184,0.2
S14000033,Glasgow North West,S15000001,Scotland,K02000001,UK,05/10/2016,31/08/2014,4755,0.291,79,0.184,0.2
S14000034,Glasgow South,S15000001,Scotland,K02000001,UK,05/10/2016,31/08/2014,4135,0.249,148,0.184,0.2
S14000035,Glasgow South West,S15000001,Scotland,K02000001,UK,05/10/2016,31/08/2014,5675,0.301,61,0.184,0.2
S14000036,Glenrothes,S15000001,Scotland,K02000001,UK,05/10/2016,31/08/2014,4825,0.255,136,0.184,0.2
S14000037,Gordon,S15000001,Scotland,K02000001,UK,05/10/2016,31/08/2014,1180,0.063,647,0.184,0.2
S14000038,Inverclyde,S15000001,Scotland,K02000001,UK,05/10/2016,31/08/2014,3585,0.235,186,0.184,0.2
S14000039,"Inverness, Nairn, Badenoch and Strathspey",S15000001,Scotland,K02000001,UK,05/10/2016,31/08/2014,2530,0.127,507,0.184,0.2
S14000040,Kilmarnock and Loudoun,S15000001,Scotland,K02000001,UK,05/10/2016,31/08/2014,4110,0.216,231,0.184,0.2
S14000041,Kirkcaldy and Cowdenbeath,S15000001,Scotland,K02000001,UK,05/10/2016,31/08/2014,4535,0.226,206,0.184,0.2
S14000042,Lanark and Hamilton East,S15000001,Scotland,K02000001,UK,05/10/2016,31/08/2014,3595,0.193,301,0.184,0.2
S14000043,Linlithgow and East Falkirk,S15000001,Scotland,K02000001,UK,05/10/2016,31/08/2014,4095,0.17,378,0.184,0.2
S14000044,Livingston,S15000001,Scotland,K02000001,UK,05/10/2016,31/08/2014,4220,0.172,369,0.184,0.2
S14000045,Midlothian,S15000001,Scotland,K02000001,UK,05/10/2016,31/08/2014,3290,0.182,337,0.184,0.2
S14000046,Moray,S15000001,Scotland,K02000001,UK,05/10/2016,31/08/2014,2145,0.122,523,0.184,0.2
S14000047,Motherwell and Wishaw,S15000001,Scotland,K02000001,UK,05/10/2016,31/08/2014,4420,0.227,202,0.184,0.2
S14000048,North Ayrshire and Arran,S15000001,Scotland,K02000001,UK,05/10/2016,31/08/2014,4345,0.24,173,0.184,0.2
S14000049,North East Fife,S15000001,Scotland,K02000001,UK,05/10/2016,31/08/2014,1525,0.124,515,0.184,0.2
S14000050,Ochil and South Perthshire,S15000001,Scotland,K02000001,UK,05/10/2016,31/08/2014,3180,0.161,408,0.184,0.2
S14000051,Orkney and Shetland,S15000001,Scotland,K02000001,UK,05/10/2016,31/08/2014,670,0.08,635,0.184,0.2
S14000052,Paisley and Renfrewshire North,S15000001,Scotland,K02000001,UK,05/10/2016,31/08/2014,3085,0.171,372,0.184,0.2
S14000053,Paisley and Renfrewshire South,S15000001,Scotland,K02000001,UK,05/10/2016,31/08/2014,3260,0.203,264,0.184,0.2
S14000054,Perth and North Perthshire,S15000001,Scotland,K02000001,UK,05/10/2016,31/08/2014,2340,0.131,493,0.184,0.2
S14000055,"Ross, Skye and Lochaber",S15000001,Scotland,K02000001,UK,05/10/2016,31/08/2014,1495,0.119,532,0.184,0.2
S14000056,Rutherglen and Hamilton West,S15000001,Scotland,K02000001,UK,05/10/2016,31/08/2014,4460,0.201,272,0.184,0.2
S14000057,Stirling,S15000001,Scotland,K02000001,UK,05/10/2016,31/08/2014,2275,0.135,481,0.184,0.2
S14000058,West Aberdeenshire and Kincardine,S15000001,Scotland,K02000001,UK,05/10/2016,31/08/2014,970,0.052,650,0.184,0.2
S14000059,West Dunbartonshire,S15000001,Scotland,K02000001,UK,05/10/2016,31/08/2014,4545,0.246,156,0.184,0.2
W07000041,Ynys Mn,W08000001,Wales,K02000001,UK,05/10/2016,31/08/2014,2865,0.205,260,0.225,0.2
W07000042,Delyn,W08000001,Wales,K02000001,UK,05/10/2016,31/08/2014,2650,0.18,343,0.225,0.2
W07000043,Alyn and Deeside,W08000001,Wales,K02000001,UK,05/10/2016,31/08/2014,3120,0.174,363,0.225,0.2
W07000044,Wrexham,W08000001,Wales,K02000001,UK,05/10/2016,31/08/2014,3180,0.208,252,0.225,0.2
W07000045,Llanelli,W08000001,Wales,K02000001,UK,05/10/2016,31/08/2014,4290,0.245,157,0.225,0.2
W07000046,Gower,W08000001,Wales,K02000001,UK,05/10/2016,31/08/2014,2305,0.146,451,0.225,0.2
W07000047,Swansea West,W08000001,Wales,K02000001,UK,05/10/2016,31/08/2014,3085,0.236,185,0.225,0.2
W07000048,Swansea East,W08000001,Wales,K02000001,UK,05/10/2016,31/08/2014,5330,0.285,88,0.225,0.2
W07000049,Aberavon,W08000001,Wales,K02000001,UK,05/10/2016,31/08/2014,4090,0.292,76,0.225,0.2
W07000050,Cardiff Central,W08000001,Wales,K02000001,UK,05/10/2016,31/08/2014,3715,0.262,123,0.225,0.2
W07000051,Cardiff North,W08000001,Wales,K02000001,UK,05/10/2016,31/08/2014,2395,0.134,485,0.225,0.2
W07000052,Rhondda,W08000001,Wales,K02000001,UK,05/10/2016,31/08/2014,4885,0.322,41,0.225,0.2
W07000053,Torfaen,W08000001,Wales,K02000001,UK,05/10/2016,31/08/2014,4585,0.254,139,0.225,0.2
W07000054,Monmouth,W08000001,Wales,K02000001,UK,05/10/2016,31/08/2014,2210,0.144,458,0.225,0.2
W07000055,Newport East,W08000001,Wales,K02000001,UK,05/10/2016,31/08/2014,4880,0.264,117,0.225,0.2
W07000056,Newport West,W08000001,Wales,K02000001,UK,05/10/2016,31/08/2014,4615,0.238,177,0.225,0.2
W07000057,Arfon,W08000001,Wales,K02000001,UK,05/10/2016,31/08/2014,2250,0.185,327,0.225,0.2
W07000058,Aberconwy,W08000001,Wales,K02000001,UK,05/10/2016,31/08/2014,1985,0.188,319,0.225,0.2
W07000059,Clwyd West,W08000001,Wales,K02000001,UK,05/10/2016,31/08/2014,2880,0.198,279,0.225,0.2
W07000060,Vale of Clwyd,W08000001,Wales,K02000001,UK,05/10/2016,31/08/2014,4115,0.257,131,0.225,0.2
W07000061,Dwyfor Meirionnydd,W08000001,Wales,K02000001,UK,05/10/2016,31/08/2014,1675,0.153,426,0.225,0.2
W07000062,Clwyd South,W08000001,Wales,K02000001,UK,05/10/2016,31/08/2014,3130,0.197,286,0.225,0.2
W07000063,Montgomeryshire,W08000001,Wales,K02000001,UK,05/10/2016,31/08/2014,1855,0.148,442,0.225,0.2
W07000064,Ceredigion,W08000001,Wales,K02000001,UK,05/10/2016,31/08/2014,2225,0.18,343,0.225,0.2
W07000065,Preseli Pembrokeshire,W08000001,Wales,K02000001,UK,05/10/2016,31/08/2014,3095,0.197,286,0.225,0.2
W07000066,Carmarthen West and Pembrokeshire South,W08000001,Wales,K02000001,UK,05/10/2016,31/08/2014,2895,0.197,286,0.225,0.2
W07000067,Carmarthen East and Dinefwr,W08000001,Wales,K02000001,UK,05/10/2016,31/08/2014,2705,0.198,279,0.225,0.2
W07000068,Brecon and Radnorshire,W08000001,Wales,K02000001,UK,05/10/2016,31/08/2014,1700,0.137,475,0.225,0.2
W07000069,Neath,W08000001,Wales,K02000001,UK,05/10/2016,31/08/2014,3360,0.225,207,0.225,0.2
W07000070,Cynon Valley,W08000001,Wales,K02000001,UK,05/10/2016,31/08/2014,4640,0.295,72,0.225,0.2
W07000071,Merthyr Tydfil and Rhymney,W08000001,Wales,K02000001,UK,05/10/2016,31/08/2014,4755,0.286,85,0.225,0.2
W07000072,Blaenau Gwent,W08000001,Wales,K02000001,UK,05/10/2016,31/08/2014,4320,0.3,66,0.225,0.2
W07000073,Bridgend,W08000001,Wales,K02000001,UK,05/10/2016,31/08/2014,3520,0.211,241,0.225,0.2
W07000074,Ogmore,W08000001,Wales,K02000001,UK,05/10/2016,31/08/2014,4205,0.25,144,0.225,0.2
W07000075,Pontypridd,W08000001,Wales,K02000001,UK,05/10/2016,31/08/2014,3200,0.189,314,0.225,0.2
W07000076,Caerphilly,W08000001,Wales,K02000001,UK,05/10/2016,31/08/2014,4750,0.24,173,0.225,0.2
W07000077,Islwyn,W08000001,Wales,K02000001,UK,05/10/2016,31/08/2014,3755,0.233,191,0.225,0.2
W07000078,Vale of Glamorgan,W08000001,Wales,K02000001,UK,05/10/2016,31/08/2014,4260,0.201,272,0.225,0.2
W07000079,Cardiff West,W08000001,Wales,K02000001,UK,05/10/2016,31/08/2014,6185,0.283,92,0.225,0.2
W07000080,Cardiff South and Penarth,W08000001,Wales,K02000001,UK,05/10/2016,31/08/2014,8040,0.309,52,0.225,0.2
